station_abbr;reference_timestamp;tre200d0;tre200dx;tre200dn;tre005d0;tre005dx;tre005dn;ure200d0;pva200d0;prestad0;pp0qffd0;ppz850d0;ppz700d0;pp0qnhd0;fkl010d0;fkl010d1;fu3010d0;fu3010d1;fkl010d3;fu3010d3;wcc006d0;rre150d0;rka150d0;htoautd0;gre000d0;oli000d0;olo000d0;osr000d0;ods000d0;sre000d0;sremaxdv;erefaod0;xcd000d0;dkl010d0;xno000d0;xno012d0;rreetsd0;tso005d0;tso010d0;tso020d0
BEH;01.01.2026 00:00;-8.9;-6.1;-11.1;;;;52.7;1.6;765.8;;1443.7;;1008.6;3.3;9.9;11.9;35.6;9.5;34.2;;0;0;;76;;;;16;344;98;0.6;0;86;28.9;20.9;;;;
BEH;02.01.2026 00:00;-8.2;-4.8;-11.6;;;;65;2.1;757.6;;1356.3;;998.4;3;18.2;10.8;65.5;17.7;63.7;;0;0;;75;;;;17;339;97;0.4;0;51;28.2;20.2;;;;
BEH;03.01.2026 00:00;-11.2;-7.8;-15.3;;;;57.1;1.5;757.4;;1363.8;;998;3.7;14.7;13.3;52.9;14;50.4;;0;0;;75;;;;10;352;100;0.5;0;343;31.2;23.2;;;;
BEH;04.01.2026 00:00;-13.8;-11.4;-16.3;;;;43.8;0.9;760.2;;1402;;1001.6;4.6;16.8;16.6;60.5;16.6;59.8;;0;0;;78;;;;9;354;100;0.6;0;338;33.8;25.8;;;;
BEH;05.01.2026 00:00;-13.2;-10.1;-15.8;;;;36.7;0.8;759.3;;1391;;1000.5;5.2;15.3;18.7;55.1;14.9;53.6;;0;0;;72;;;;16;352;100;0.8;0;331;33.2;25.2;;;;
BEH;06.01.2026 00:00;-13.1;-10.9;-17.1;;;;38.8;0.9;760.4;;1401.8;;1001.8;10.3;15.3;37.1;55.1;14.9;53.6;;0;0;;61;;;;21;303;86;0.8;0;342;33.1;25.1;;;;
BEH;07.01.2026 00:00;-15.4;-11.5;-19.1;;;;44.1;0.8;760.2;;1407.3;;1001.6;7.9;16.9;28.4;60.8;16.4;59;;0;0;;79;;;;10;355;100;0.7;0;338;35.4;27.4;;;;
BEH;08.01.2026 00:00;-9;-4.2;-13.4;;;;71.7;2.3;762.7;;1411.7;;1004.7;7.1;19.1;25.6;68.8;18.5;66.6;;1.1;1;;36;;;;34;0;0;0.6;0;342;29;21;;;;
BEH;09.01.2026 00:00;-7.2;-5.1;-11.9;;;;79.9;2.9;757.2;;1348.5;;997.8;3.5;10.2;12.6;36.7;9.9;35.6;;0;0.1;;50;;;;41;42;12;0.2;0;51;27.2;19.2;;;;
BEH;10.01.2026 00:00;-9.9;-8.9;-11.7;;;;60.6;1.7;758.2;;1367.8;;999.1;10.5;22;37.8;79.2;20.7;74.5;;0;0;;44;;;;39;0;0;0.8;0;322;29.9;21.9;;;;
BEH;11.01.2026 00:00;-11.6;-9.6;-14.6;;;;52.7;1.4;769.2;;1486.8;;1012.8;9.4;19.7;33.8;70.9;19.5;70.2;;0;0;;81;;;;19;281;79;0.7;0;328;31.6;23.6;;;;
BEH;12.01.2026 00:00;-5.7;-0.3;-12.1;;;;40;1.8;772.6;;1505;;1017.1;2.3;10.6;8.3;38.2;10.3;37.1;;0;0;;78;;;;34;188;53;0.7;0;353;25.7;17.7;;;;
BEH;13.01.2026 00:00;-3.8;-1.7;-5.3;;;;70.9;3.3;774.1;;1514.2;;1018.9;2.8;8.1;10.1;29.2;7.9;28.4;;0;0;;39;;;;37;3;1;0.6;0;116;23.8;15.8;;;;
BEH;14.01.2026 00:00;-3.6;-1.7;-4.9;;;;80.9;3.8;775.1;;1524.5;;1020.2;1.7;4.8;6.1;17.3;4.3;15.5;;0;0;;68;;;;45;130;36;0.3;0;120;23.6;15.6;;;;
BEH;15.01.2026 00:00;-3.7;-2.7;-5;;;;92.8;4.3;774;;1512.9;;1018.8;3.5;11.8;12.6;42.5;11.5;41.4;;0.5;0.3;;36;;;;34;0;0;0.3;0;124;23.7;15.7;;;;
BEH;16.01.2026 00:00;-3.1;-1.9;-4.3;;;;83;4;774.2;;1514.1;;1019.1;4.5;11.2;16.2;40.3;10.8;38.9;;0;0.2;;55;;;;44;45;13;0.5;0;129;23.1;15.1;;;;
BEH;17.01.2026 00:00;-2.2;-1.1;-3.6;;;;83.5;4.3;775.4;;1523.9;;1020.6;4.8;11.2;17.3;40.3;10.8;38.9;;0;0;;37;;;;35;0;0;0.5;0;120;22.2;14.2;;;;
BEH;18.01.2026 00:00;-3.7;-2.9;-4.3;;;;95.8;4.5;775.9;;1533.1;;1021.2;4.1;9.3;14.8;33.5;8.9;32;;2.5;2.5;;30;;;;29;0;0;0.3;0;129;23.7;15.7;;;;
BEH;19.01.2026 00:00;-4.8;-3.8;-7.1;;;;94.5;4;775.6;;1532.6;;1020.8;5.2;10.6;18.7;38.2;10.5;37.8;;0.2;0.2;;35;;;;34;0;0;0.2;0;126;24.8;16.8;;;;
BEH;20.01.2026 00:00;-6.3;-4.7;-8.7;;;;79.6;3;773.6;;1516.2;;1018.3;3.1;8.8;11.2;31.7;8.5;30.6;;0;0;;78;;;;31;261;71;0.4;0;104;26.3;18.3;;;;
BEH;21.01.2026 00:00;-6.3;-2.6;-9.1;;;;70.7;2.7;763.4;;1410.3;;1005.6;2;7.2;7.2;25.9;6.6;23.8;;0;0;;92;;;;14;367;99;0.4;0;34;26.3;18.3;;;;
BEH;22.01.2026 00:00;-5.9;-2.1;-9.2;;;;53.6;2.1;756.2;;1332.8;;996.6;1.3;6;4.7;21.6;5.1;18.4;;0;0;;87;;;;27;368;99;0.4;0;63;25.9;17.9;;;;
BEH;23.01.2026 00:00;-5.4;-3.6;-7.9;;;;78;3.2;756.7;;1337.2;;997.3;4.9;19.2;17.6;69.1;17.6;63.4;;5.3;3.9;;47;;;;40;33;9;0.5;0;127;25.4;17.4;;;;
BEH;24.01.2026 00:00;-4.3;-3;-5.1;;;;88.2;3.9;758.1;;1348;;999;5.7;12.7;20.5;45.7;12.7;45.7;;7.4;1.9;;59;;;;53;18;5;0.4;0;132;24.3;16.3;;;;
BEH;25.01.2026 00:00;-6.6;-4.1;-10.2;;;;86;3.2;754.5;;1317.3;;994.4;3.4;12.2;12.2;43.9;12.1;43.6;;1.9;8.8;;40;;;;38;0;0;0.3;0;115;26.6;18.6;;;;
BEH;26.01.2026 00:00;-8;-3.8;-12.4;;;;63;2.1;757.2;;1350.9;;997.8;4.9;12.1;17.6;43.6;11.9;42.8;;0;0;;138;;;;54;371;99;0.8;0;336;28;20;;;;
BEH;27.01.2026 00:00;-6.9;-4.2;-10.2;;;;63;2.3;759.4;;1370.1;;1000.6;3.8;13.6;13.7;49;13.4;48.2;;10;4;;97;;;;35;342;91;0.6;0;121;26.9;18.9;;;;
BEH;28.01.2026 00:00;-3.3;-2.3;-5;;;;92.9;4.5;750.4;;1261.8;;989.4;6.4;14.7;23;52.9;14.2;51.1;;10.8;14.8;;36;;;;35;0;0;0.3;0;132;23.3;15.3;;;;
BEH;29.01.2026 00:00;-6.6;-3.9;-10.3;;;;78.6;3;753.4;;1305.1;;993;6.6;14.6;23.8;52.6;14.2;51.1;;0;2;;87;;;;48;180;47;0.5;0;344;26.6;18.6;;;;
BEH;30.01.2026 00:00;-7.7;-5.3;-9.3;;;;72.3;2.5;756.6;;1343.4;;997.1;1.4;4.8;5;17.3;4.5;16.2;;0;0;;69;;;;54;83;22;0.4;0;351;27.7;19.7;;;;
BEH;31.01.2026 00:00;-7.4;-3.9;-9.5;;;;65.6;2.3;759;;1368.1;;1000.1;2.3;8.2;8.3;29.5;7.8;28.1;;0;0;;108;;;;15;386;100;0.6;0;333;27.4;19.4;;;;
BEH;01.02.2026 00:00;-8.3;-6;-11.1;;;;62.3;2;762.1;;1403.9;;1004;3.6;9.9;13;35.6;9.6;34.6;;0;0;;110;;;;15;388;100;0.6;0;322;28.3;20.3;;;;
BEH;02.02.2026 00:00;-7.7;-5.4;-11.3;;;;79.4;2.8;760.4;;1383.5;;1001.8;3.8;14.9;13.7;53.6;14.2;51.1;;5.8;2.1;;111;;;;60;235;60;0.4;0;121;27.7;19.7;;;;
BEH;03.02.2026 00:00;-4.3;-2.5;-5.7;;;;89.5;4;760.5;;1373.1;;1002;8;25.7;28.8;92.5;24.6;88.6;;8.5;12.2;;44;;;;43;0;0;0.5;0;129;24.3;16.3;;;;
BEH;04.02.2026 00:00;-5.1;-3.2;-7.5;;;;88.3;3.7;755.3;;1320.7;;995.5;5.9;12.2;21.2;43.9;12;43.2;;4.6;4.6;;37;;;;35;0;0;0.4;0;122;25.1;17.1;;;;
BEH;05.02.2026 00:00;-4.5;-0.9;-6.6;;;;86.4;3.8;752.1;;1284.6;;991.5;5;15.2;18;54.7;14.3;51.5;;0.3;0.3;;119;;;;33;380;94;0.6;0;56;24.5;16.5;;;;
BEH;06.02.2026 00:00;-3.4;-0.5;-5.9;;;;76.6;3.6;754.3;;1303.5;;994.2;6.3;13.5;22.7;48.6;13.3;47.9;;0;0;;68;;;;61;19;5;0.8;0;333;23.4;15.4;;;;
BEH;07.02.2026 00:00;-4.7;-2.4;-6.4;;;;64.7;2.8;761.5;;1385.8;;1003.3;2;7.1;7.2;25.6;7;25.2;;0;0;;93;;;;31;265;63;0.7;0;338;24.7;16.7;;;;
BEH;08.02.2026 00:00;-5.9;-2.3;-8.1;;;;70;2.8;762.8;;1403.1;;1004.9;2.2;7.9;7.9;28.4;7.6;27.4;;0;0;;108;;;;33;352;83;0.6;0;103;25.9;17.9;;;;
BEH;09.02.2026 00:00;-6.6;-5;-9;;;;76;2.9;762.6;;1402.9;;1004.6;1.6;5.8;5.8;20.9;5.2;18.7;;0;0;;103;;;;52;273;64;0.5;0;63;26.6;18.6;;;;
BEH;10.02.2026 00:00;-5.4;-4.5;-7;;;;94.1;3.8;759.7;;1368.4;;1000.9;4.3;12.7;15.5;45.7;11.8;42.5;;4.5;3.7;;53;;;;51;0;0;0.3;0;125;25.4;17.4;;;;
BEH;11.02.2026 00:00;-3.6;-1.6;-5.3;;;;88.4;4.2;754.5;;1307.1;;994.5;3;19;10.8;68.4;18.1;65.2;;0;0.8;;92;;;;72;54;13;0.5;0;113;23.6;15.6;;;;
BEH;12.02.2026 00:00;-3.3;-0.9;-5.6;;;;72.7;3.5;749.4;;1250.7;;988.1;8.7;26.8;31.3;96.5;25.1;90.4;;0;0;;115;;;;59;199;46;1;0;340;23.3;15.3;;;;
BEH;13.02.2026 00:00;-4.2;-1.3;-6.9;;;;58.5;2.6;754.1;;1305;;994;7.7;15.4;27.7;55.4;15;54;;0.7;0.1;;138;;;;24;431;100;1.3;0;70;24.2;16.2;;;;
BEH;14.02.2026 00:00;-4.8;-3.4;-6.1;;;;86.8;3.7;756;;1327.1;;996.3;8.3;18.9;29.9;68;18.5;66.6;;0.4;1;;55;;;;53;0;0;0.5;0;353;24.8;16.8;;;;
BEH;15.02.2026 00:00;-7.4;-5.6;-9.2;;;;58.4;2;763.1;;1411.1;;1005.2;9.2;19.5;33.1;70.2;19;68.4;;3.4;0.6;;136;;;;23;359;82;1.1;0;339;27.4;19.4;;;;
BEH;16.02.2026 00:00;-6.8;-4.4;-8.6;;;;76.4;2.8;758;;1355.2;;998.8;4.8;25.9;17.3;93.2;25.4;91.4;;2;4.6;;65;;;;62;6;1;0.7;0;347;26.8;18.8;;;;
BEH;17.02.2026 00:00;-8;-5.2;-10.1;;;;75.2;2.5;761.7;;1398;;1003.4;9.7;20.3;34.9;73.1;19.6;70.6;;0.1;0.3;;81;;;;72;24;5;0.8;0;336;28;20;;;;
BEH;18.02.2026 00:00;-7.1;-3.8;-12.8;;;;45.9;1.6;765.4;;1434;;1008.1;5.4;19.1;19.4;68.8;18.6;67;;1.3;0;;125;;;;63;297;67;1.1;0;43;27.1;19.1;;;;
BEH;19.02.2026 00:00;-5;-2.5;-7.8;;;;81.3;3.4;758.3;;1352.1;;999.2;9.4;26.5;33.8;95.4;25.3;91.1;;7.6;8.9;;44;;;;42;0;0;0.7;0;2;25;17;;;;
BEH;20.02.2026 00:00;-4.5;-2.6;-5.7;;;;72.7;3.2;769.3;;1466.7;;1013;14.1;23.4;50.8;84.2;23.2;83.5;;0;0;;125;;;;108;30;7;1.1;0;332;24.5;16.5;;;;
BEH;21.02.2026 00:00;-2.8;-0.7;-5.1;;;;76.9;3.9;776.8;;1539.9;;1022.3;12.3;24.2;44.3;87.1;23.3;83.9;;0.1;0.1;;86;;;;78;39;9;0.9;0;338;22.8;14.8;;;;
BEH;22.02.2026 00:00;0.2;2.7;-2.3;;;;47.2;2.9;778.9;;1553.4;;1024.9;4.9;19.6;17.6;70.6;19;68.4;;0;0;;151;;;;64;334;74;1.7;0;341;19.8;11.8;;;;
BEH;23.02.2026 00:00;0.6;2.6;-2.2;;;;56.2;3.6;775.4;;1515.5;;1020.5;9.6;19;34.6;68.4;18.7;67.3;;0;0;;155;;;;57;369;81;1.8;0;333;19.4;11.4;;;;
BEH;24.02.2026 00:00;1.7;3.1;-2.1;;;;71.8;4.9;775.4;;1512.3;;1020.5;12.3;26.1;44.3;94;25.3;91.1;;0;0;;129;;;;87;132;29;1.2;0;327;18.3;10.3;;;;
BEH;25.02.2026 00:00;1.5;6.3;-2;;;;38.4;2.6;779.8;;1559.4;;1026;1.9;7.8;6.8;28.1;7;25.2;;0;0;;173;;;;20;468;100;1.6;0;353;18.5;10.5;;;;
BEH;26.02.2026 00:00;2.1;4.9;-1.6;;;;29.7;2.1;781.9;;1580.9;;1028.7;1.9;5.2;6.8;18.7;5.1;18.4;;0;0;;176;;;;23;472;100;1.6;0;341;17.9;9.9;;;;
BEH;27.02.2026 00:00;1;4.8;-1.4;;;;41.5;2.7;780;;1562.7;;1026.3;1.2;5.1;4.3;18.4;4.9;17.6;;0;0;;174;;;;21;475;100;1.3;0;22;19;11;;;;
BEH;28.02.2026 00:00;-0.3;3.1;-2.8;;;;52.5;3.2;777.9;;1544.9;;1023.7;1.8;5.7;6.5;20.5;5.3;19.1;;0;0;;171;;;;40;478;100;1.3;0;90;20.3;12.3;;;;
BEH;01.03.2026 00:00;-2.6;0.1;-5.8;;;;84.2;4.3;777.8;;1549.7;;1023.6;2.1;5.9;7.6;21.2;5.8;20.9;;0.4;0.1;;108;;;;97;52;11;0.7;0;118;22.6;14.6;;;;
BEH;02.03.2026 00:00;-2.6;-1.6;-3.5;;;;96.6;4.9;777.4;;1545.2;;1023;3.6;7.4;13;26.6;7.2;25.9;;7;7.3;;79;;;;77;0;0;0.5;0;136;22.6;14.6;;;;
BEH;03.03.2026 00:00;-4.2;-1.2;-7.1;;;;74.7;3.3;779.5;;1572.2;;1025.7;1.3;5.4;4.7;19.4;5.3;19.1;;0;0;;184;;;;29;484;98;1;0;18;24.2;16.2;;;;
BEH;04.03.2026 00:00;-3.2;0.6;-6.5;;;;55.6;2.6;779.6;;1570.3;;1025.8;1.4;6.2;5;22.3;5.7;20.5;;0;0;;189;;;;29;488;98;1.2;0;360;23.2;15.2;;;;
BEH;05.03.2026 00:00;-1.6;1.8;-5.7;;;;51.9;2.8;778.8;;1558;;1024.9;2.1;8.3;7.6;29.9;8.1;29.2;;0;0;;181;;;;49;492;98;1.4;0;105;21.6;13.6;;;;
BEH;06.03.2026 00:00;-0.8;3;-3.6;;;;58.7;3.4;778.5;;1552.4;;1024.4;1.6;5.5;5.8;19.8;5.3;19.1;;0;0;;177;;;;70;470;93;1.4;0;63;20.8;12.8;;;;
BEH;07.03.2026 00:00;-0.9;2.9;-3.7;;;;65.8;3.7;779.4;;1562;;1025.6;1.7;6.1;6.1;22;5.9;21.2;;0;0;;192;;;;42;503;99;1.4;0;90;20.9;12.9;;;;
BEH;08.03.2026 00:00;-1.5;2.1;-3.9;;;;77.6;4.2;779.3;;1562.4;;1025.4;3.1;7.7;11.2;27.7;7.5;27;;0;0;;194;;;;54;496;97;1.3;0;121;21.5;13.5;;;;
BEH;09.03.2026 00:00;-2.7;-0.2;-5;;;;79.3;4;778.1;;1553.1;;1023.9;3.2;9.7;11.5;34.9;9.5;34.2;;0.1;0.1;;128;;;;95;144;28;1;0;128;22.7;14.7;;;;
BEH;10.03.2026 00:00;-2.7;-0.6;-5.3;;;;87.1;4.4;776.7;;1538.9;;1022.2;4.1;11.7;14.8;42.1;11.3;40.7;;3.1;1.2;;135;;;;79;202;39;0.8;0;138;22.7;14.7;;;;
BEH;11.03.2026 00:00;-2.5;-1.7;-3.2;;;;96;4.9;775.4;;1524.2;;1020.5;4.3;9;15.5;32.4;8.8;31.7;;1.2;3;;105;;;;101;0;0;0.6;0;140;22.5;14.5;;;;
BEH;12.03.2026 00:00;-1.7;1.6;-4.4;;;;73.2;3.9;775.6;;1524;;1020.8;3.5;13.4;12.6;48.2;12.8;46.1;;0;0.1;;212;;;;61;472;90;1.5;0;340;21.7;13.7;;;;
BEH;13.03.2026 00:00;-2.5;1;-6;;;;80.2;4.1;771.8;;1486.9;;1016.1;4.6;14;16.6;50.4;13.8;49.7;;0.2;0;;236;;;;65;499;95;1.4;0;134;22.5;14.5;;;;
BEH;14.03.2026 00:00;-3.2;-2.7;-4;;;;94.1;4.5;760.1;;1365.4;;1001.5;10.7;19.6;38.5;70.6;19;68.4;;35.1;33.2;;63;;;;61;0;0;0.4;0;143;23.2;15.2;;;;
BEH;15.03.2026 00:00;-3.8;-0.9;-7.8;;;;88.6;4.2;765.2;;1421.9;;1007.9;5.8;14.9;20.9;53.6;14.8;53.3;;2.2;4.2;;132;;;;120;22;4;0.7;0;117;23.8;15.8;;;;
BEH;16.03.2026 00:00;-3.3;-0.1;-6.1;;;;64.3;3;771.7;;1488.4;;1016;6.4;15.2;23;54.7;14.6;52.6;;0;0.1;;221;;;;57;481;86;1.6;0;338;23.3;15.3;;;;
BEH;17.03.2026 00:00;-3.8;-0.3;-6.7;;;;62;2.8;771.5;;1487.9;;1015.8;13;20;46.8;72;19.2;69.1;;0;0;;210;;;;57;444;79;1.8;0;343;23.8;15.8;;;;
BEH;18.03.2026 00:00;-4.6;-0.6;-10.4;;;;56;2.5;771.9;;1493.7;;1016.1;3.5;13.9;12.6;50;13.6;49;;0;0;;204;;;;103;397;70;1.4;0;45;24.6;16.6;;;;
BEH;19.03.2026 00:00;-4.4;1.1;-9.1;;;;48.4;2.1;773.5;;1509.5;;1018.1;3.5;8.7;12.6;31.3;8.4;30.2;;0;0;;241;;;;29;569;100;1.9;0;325;24.4;16.4;;;;
BEH;20.03.2026 00:00;-4;1.7;-9.1;;;;42.5;1.9;770.7;;1479.9;;1014.7;3.3;10.6;11.9;38.2;10.4;37.4;;0;0;;244;;;;28;572;100;2;0;339;24;16;;;;
BEH;21.03.2026 00:00;-5.4;-0.9;-8.3;;;;82.7;3.4;767.4;;1449.8;;1010.6;3;13.4;10.8;48.2;13;46.8;;5.9;5.8;;175;;;;115;158;27;1.1;0;169;25.4;17.4;;;;
BEH;22.03.2026 00:00;-6.1;-4.2;-7.3;;;;90.6;3.5;767.4;;1451.9;;1010.6;4;12.7;14.4;45.7;12.5;45;;0.8;0.9;;130;;;;119;18;3;0.8;0;132;26.1;18.1;;;;
BEH;23.03.2026 00:00;-4.5;-0.9;-8.3;;;;64.4;2.8;770.8;;1482.5;;1014.9;6.1;11.9;22;42.8;11.7;42.1;;0;0;;237;;;;83;492;84;1.6;0;337;24.5;16.5;;;;
BEH;24.03.2026 00:00;-4.6;0.6;-9.5;;;;56.1;2.4;774.5;;1521;;1019.4;3.1;12.4;11.2;44.6;12;43.2;;0;0;;247;;;;57;590;99;1.8;0;328;24.6;16.6;;;;
BEH;25.03.2026 00:00;-3.3;1.2;-8.5;;;;58.8;2.8;764.5;;1412.6;;1007;6.5;20.3;23.4;73.1;20.1;72.4;;0.2;0.2;;221;;;;56;480;80;1.8;0;4;23.3;15.3;;;;
BEH;26.03.2026 00:00;-9.2;-7.8;-11.8;;;;65.9;2;759.6;;1380;;1000.8;13.9;25.4;50;91.4;25;90;;0;0;;150;;;;138;0;0;0.9;0;321;29.2;21.2;;;;
BEH;27.03.2026 00:00;-9.7;-6.5;-11.7;;;;63.7;1.9;766;;1448.4;;1008.8;12.8;20.3;46.1;73.1;19.9;71.6;;0;0;;252;;;;64;520;86;1.3;0;324;29.7;21.7;;;;
BEH;28.03.2026 00:00;-6.8;-0.7;-12.4;;;;57.2;2;768.1;;1461.1;;1011.5;11.8;19;42.5;68.4;18.5;66.6;;0;0;;259;;;;44;606;99;1.9;0;330;26.8;18.8;;;;
BEH;29.03.2026 00:00;-6.6;-3.7;-8.6;;;;68.4;2.5;772.5;;1505.7;;1016.9;9.3;18.8;33.5;67.7;18.1;65.2;;0;0;;236;;;;120;375;61;1.4;0;331;26.6;18.6;;;;
BEH;30.03.2026 00:00;-7.1;-3.3;-10.1;;;;69.5;2.5;769.1;;1472.4;;1012.7;9.4;19.5;33.8;70.2;19.2;69.1;;0;0;;193;;;;110;175;28;1.3;0;333;27.1;19.1;;;;
BEH;31.03.2026 00:00;-8.9;-6.6;-11.1;;;;64.2;2;770;;1487;;1013.8;9.6;20.5;34.6;73.8;19;68.4;;0;0;;194;;;;152;72;12;1.2;0;329;28.9;20.9;;;;
BEH;01.04.2026 00:00;-8.2;-4.2;-11.8;;;;61;2;769.5;;1480.2;;1013.3;7.4;16.6;26.6;59.8;16.1;58;;0;0;;186;;;;81;367;58;1.3;0;327;28.2;20.2;;;;
BEH;02.04.2026 00:00;-5.6;-0.4;-11.7;;;;71.5;2.8;766.5;;1441;;1009.5;9.4;16.5;33.8;59.4;15.7;56.5;;0;0;;249;;;;74;482;76;1.5;0;330;25.6;17.6;;;;
BEH;03.04.2026 00:00;-2.4;1.6;-7.3;;;;50;2.5;772.1;;1489.6;;1016.4;9.5;15.7;34.2;56.5;15.3;55.1;;0;0;;282;;;;29;633;99;2.4;0;338;22.4;14.4;;;;
BEH;04.04.2026 00:00;1.9;5.3;-1.4;;;;64;4.5;778.5;;1545.3;;1024.5;8.4;18.7;30.2;67.3;16.9;60.8;;0;0;;253;;;;136;318;49;2.4;0;342;18.1;10.1;;;;
BEH;05.04.2026 00:00;3.5;9.1;0.1;;;;47;3.6;781.2;;1569.4;;1027.8;1.4;5.2;5;18.7;5.1;18.4;;0;0;;282;;;;35;643;99;2.8;0;352;16.5;8.5;;;;
BEH;06.04.2026 00:00;4;7.2;0.7;;;;51.8;4.2;781.8;;1574.1;;1028.5;3.9;10.5;14;37.8;9.9;35.6;;0;0;;281;;;;35;635;97;2.9;0;331;16;8;;;;
BEH;07.04.2026 00:00;4.6;9.5;-1.2;;;;42.4;3.5;780.7;;1561.7;;1027.2;6;13.9;21.6;50;13.6;49;;0;0;;287;;;;29;653;100;3.5;0;339;15.4;7.4;;;;
BEH;08.04.2026 00:00;5.8;9.8;1.5;;;;41.8;3.7;779.9;;1549.9;;1026.2;8.1;15;29.2;54;14.5;52.2;;0;0;;296;;;;31;656;99;4;0;336;14.2;6.2;;;;
BEH;09.04.2026 00:00;4.3;8;0.2;;;;33.7;2.7;776.7;;1519.1;;1022.2;8;15.8;28.8;56.9;14.9;53.6;;0;0;;296;;;;40;659;100;4;0;327;15.7;7.7;;;;
BEH;10.04.2026 00:00;3;6.1;0.6;;;;66.4;5;774.3;;1497.9;;1019.2;8.3;17.6;29.9;63.4;17.4;62.6;;0;0;;155;;;;116;129;19;2.2;0;336;17;9;;;;
BEH;11.04.2026 00:00;4.3;9.1;0.6;;;;67.4;5.5;773.8;;1487.9;;1018.5;1.9;6.7;6.8;24.1;6.6;23.8;;0;0;;283;;;;42;595;90;2.8;0;126;15.7;7.7;;;;
BEH;12.04.2026 00:00;3.1;4.8;0.7;;;;85.5;6.5;771.9;;1472;;1016.2;6;12.9;21.6;46.4;12.8;46.1;;0.7;0;;153;;;;139;0;0;1.4;0;134;16.9;8.9;;;;
BEH;13.04.2026 00:00;1.1;2.3;-0.3;;;;89.6;5.9;767.9;;1434.8;;1011.2;5.8;15.3;20.9;55.1;15.1;54.4;;4.6;4.7;;82;;;;79;0;0;0.9;0;123;18.9;10.9;;;;
BEH;14.04.2026 00:00;1.9;5.1;-0.1;;;;82.5;5.7;771.8;;1474.2;;1016.1;6.3;10.6;22.7;38.2;10.2;36.7;;0;0.6;;212;;;;168;103;15;1.9;0;330;18.1;10.1;;;;
BEH;15.04.2026 00:00;2.4;6.9;-1.3;;;;84.2;6;776.8;;1525.6;;1022.3;2.5;6.3;9;22.7;6.2;22.3;;0;0;;187;;;;144;117;17;1.9;0;114;17.6;9.6;;;;
BEH;16.04.2026 00:00;3.8;8.4;0.1;;;;58.8;4.5;778;;1535;;1023.9;3.7;10.1;13.3;36.4;9.7;34.9;;0;0;;310;;;;46;675;99;3.2;0;325;16.2;8.2;;;;
BEH;17.04.2026 00:00;4.2;9.7;0.3;;;;56.1;4.5;778.4;;1537.4;;1024.3;2.4;8.8;8.6;31.7;8.6;31;;0;0;;294;;;;74;678;99;3.2;0;330;15.8;7.8;;;;
BEH;18.04.2026 00:00;4.7;9.7;0.8;;;;44.7;3.7;778.1;;1533.2;;1023.9;3;10.7;10.8;38.5;10.5;37.8;;0;0;;311;;;;48;683;99;3.5;0;325;15.3;7.3;;;;
BEH;19.04.2026 00:00;2.2;6.1;-0.6;;;;73.5;5.2;775.5;;1512;;1020.6;4.9;21.4;17.6;77;20.8;74.9;;0.9;0.9;;145;;;;102;100;15;1.9;0;333;17.8;9.8;;;;
BEH;20.04.2026 00:00;1.6;6.2;-3.1;;;;53.3;3.5;771.5;;1472.1;;1015.8;4.6;13.3;16.6;47.9;12.7;45.7;;0;0;;295;;;;63;593;86;2.9;0;330;18.4;10.4;;;;
BEH;21.04.2026 00:00;-0.1;3.8;-4.3;;;;49.7;2.9;770.8;;1469;;1014.8;6.3;15;22.7;54;14.7;52.9;;0;0;;299;;;;48;563;81;2.8;0;332;20.1;12.1;;;;
BEH;22.04.2026 00:00;-0.6;5.5;-5.7;;;;50.3;2.8;774.3;;1507.1;;1019.1;3.6;11.3;13;40.7;11.1;40;;0;0;;330;;;;39;696;100;3;0;340;20.6;12.6;;;;
BEH;23.04.2026 00:00;1.7;7.8;-5.4;;;;37.7;2.4;778.5;;1545.8;;1024.5;6.9;13.3;24.8;47.9;12.8;46.1;;0;0;;333;;;;38;700;100;3.8;0;329;18.3;10.3;;;;
BEH;24.04.2026 00:00;4.5;11.6;-2.6;;;;31.3;2.4;777.1;;1523.3;;1022.7;6.2;12.3;22.3;44.3;11.7;42.1;;0;0;;337;;;;41;704;100;4.6;0;324;15.5;7.5;;;;
BEH;25.04.2026 00:00;5.5;12.1;0.1;;;;29.2;2.5;776.1;;1509.8;;1021.5;5.1;12.9;18.4;46.4;12.7;45.7;;0;0;;333;;;;37;708;100;4.7;0;325;14.5;6.5;;;;
BEH;26.04.2026 00:00;5.5;11.6;-0.6;;;;45.8;3.9;777.9;;1529.3;;1023.7;4.1;13.7;14.8;49.3;13.1;47.2;;0;0;;313;;;;78;639;89;3.9;0;325;14.5;6.5;;;;
BEH;27.04.2026 00:00;6.1;11.7;2.3;;;;64.1;5.9;777.5;;1522.5;;1023.1;2.1;6.8;7.6;24.5;6.7;24.1;;1.3;0;;336;;;;66;701;98;3.7;0;149;13.9;5.9;;;;
BEH;28.04.2026 00:00;3.3;6;0.4;;;;87.7;6.8;775.6;;1510.9;;1020.9;3.6;12.1;13;43.6;11.3;40.7;;3.8;1.8;;158;;;;143;17;2;1.6;0;129;16.7;8.7;;;;
BEH;29.04.2026 00:00;1.9;4.6;-1.4;;;;93.7;6.6;775.7;;1515.7;;1021;3.4;11.5;12.2;41.4;11.2;40.3;;7.4;10.7;;91;;;;87;0;0;0.9;0;34;18.1;10.1;;;;
BEH;30.04.2026 00:00;1.7;6.5;-2.1;;;;86.8;6;778.5;;1545.7;;1024.5;3.6;8.8;13;31.7;8.7;31.3;;0;0;;349;;;;67;618;86;2.8;0;297;18.3;10.3;;;;
BEH;01.05.2026 00:00;3.4;8.8;-2.8;;;;75.6;5.8;781.4;;1571.5;;1028;3.3;9.1;11.9;32.8;8.8;31.7;;0;0;;334;;;;39;674;93;3;0;129;16.6;8.6;;;;
BEH;02.05.2026 00:00;5.6;10.1;2.3;;;;62.5;5.6;781.1;;1562.4;;1027.6;4.1;10.1;14.8;36.4;9.3;33.5;;0;0;;334;;;;49;728;100;3.6;0;127;14.4;6.4;;;;
BEH;03.05.2026 00:00;5.3;9.9;1.6;;;;60.6;5.2;777.6;;1526.5;;1023.3;4.8;13.1;17.3;47.2;12.5;45;;0;0;;287;;;;96;481;66;3.4;0;140;14.7;6.7;;;;
BEH;04.05.2026 00:00;3.8;6.6;1.4;;;;65;5.1;775.8;;1511;;1021;7.1;16.9;25.6;60.8;15.6;56.2;;0;0;;160;;;;134;91;12;2.4;0;135;16.2;8.2;;;;
BEH;05.05.2026 00:00;1.4;2.6;0.2;;;;91.8;6.2;771.2;;1468.9;;1015.3;6.7;12.8;24.1;46.1;12.3;44.3;;23.1;18.6;;80;;;;77;0;0;0.9;0;135;18.6;10.6;;;;
BEH;06.05.2026 00:00;0.2;2;-1.3;;;;95.8;5.9;768.4;;1443.2;;1011.9;6.9;18.6;24.8;67;17.2;61.9;;29.9;30.2;;93;;;;88;2;0;0.8;0;137;19.8;11.8;;;;
BEH;07.05.2026 00:00;0.4;5;-2.6;;;;83.5;5.2;771.6;;1475.8;;1015.8;1.9;8.8;6.8;31.7;8.7;31.3;;0;4.2;;292;;;;82;500;69;2.6;0;117;19.6;11.6;;;;
BEH;08.05.2026 00:00;2.2;6.1;-1.3;;;;77.2;5.5;774.5;;1501.8;;1019.4;2.6;8;9.4;28.8;7.9;28.4;;0;0;;230;;;;146;235;32;2.3;0;130;17.8;9.8;;;;
BEH;09.05.2026 00:00;4.3;9.6;0.2;;;;73.4;6;775.8;;1510;;1021.1;3.5;10.6;12.6;38.2;10.5;37.8;;0.9;0.9;;283;;;;83;524;72;3;0;139;15.7;7.7;;;;
BEH;10.05.2026 00:00;2.7;4.8;1.6;;;;90.2;6.7;772.5;;1478.5;;1016.9;5.5;11.4;19.8;41;11.2;40.3;;23.8;13.1;;130;;;;111;83;11;1.4;0;135;17.3;9.3;;;;
BEH;11.05.2026 00:00;0.8;2.1;-0.8;;;;89.6;5.8;766;;1415.7;;1008.9;6;13.9;21.6;50;13.3;47.9;;16.2;26.8;;89;;;;86;0;0;0.9;0;114;19.2;11.2;;;;
BEH;12.05.2026 00:00;-3;0.9;-5.8;;;;58.7;2.9;766.4;;1431.8;;1009.4;10.1;22.3;36.4;80.3;21.9;78.8;;0;0.1;;331;;;;112;539;74;2.5;0;326;23;15;;;;
BEH;13.05.2026 00:00;-0.1;4.8;-5.8;;;;58.1;3.6;765.4;;1412.1;;1008.1;3.6;10.9;13;39.2;10.5;37.8;;2.9;0;;353;;;;65;692;94;2.9;0;140;20.1;12.1;;;;
BEH;14.05.2026 00:00;-2.5;-0.9;-4.3;;;;90.3;4.6;759.5;;1356.4;;1000.7;3.4;12;12.2;43.2;11.7;42.1;;12.8;15.7;;120;;;;104;32;4;1;0;343;22.5;14.5;;;;
BEH;15.05.2026 00:00;-4.1;-1.9;-7;;;;87.6;4;758.5;;1351.1;;999.5;4.6;14.2;16.6;51.1;13.9;50;;3.3;3.3;;186;;;;178;0;0;1.2;0;337;24.1;16.1;;;;
BEH;16.05.2026 00:00;-2.9;-0.6;-4.8;;;;68.9;3.4;764.6;;1411.6;;1007;9.5;17.5;34.2;63;17.3;62.3;;0;0;;293;;;;168;289;39;2;0;335;22.9;14.9;;;;
BEH;17.05.2026 00:00;-1.1;4;-6.2;;;;61.6;3.5;771.2;;1476.7;;1015.4;3.4;9.5;12.2;34.2;9.3;33.5;;0;0;;360;;;;83;683;92;2.9;0;323;21.1;13.1;;;;
BEH;18.05.2026 00:00;0.6;4.5;-1.6;;;;82.2;5.2;773;;1490.4;;1017.5;3.3;11.6;11.9;41.8;11.3;40.7;;4.4;4.4;;186;;;;138;148;20;1.9;0;139;19.4;11.4;;;;
BEH;19.05.2026 00:00;2.4;7;-2.7;;;;76.2;5.5;776.2;;1518.9;;1021.5;3.7;11.8;13.3;42.5;11;39.6;;0;0;;316;;;;117;498;67;2.8;0;323;17.6;9.6;;;;
BEH;20.05.2026 00:00;5.2;9.1;2.7;;;;67.1;5.8;781.4;;1567.2;;1028.1;6.6;19.1;23.8;68.8;18.4;66.2;;0.1;0.1;;231;;;;147;185;25;3;0;329;14.8;6.8;;;;
BEH;21.05.2026 00:00;7;12.1;1.5;;;;52.6;5.1;784.8;;1598.8;;1032.3;6.5;12.9;23.4;46.4;12.6;45.4;;0;0;;359;;;;44;728;97;4.4;0;337;13;5;;;;
BEH;22.05.2026 00:00;10.1;16.9;3.5;;;;46;5.4;786.2;;1606.1;;1034;3.7;11.1;13.3;40;10.4;37.4;;0;0;;363;;;;34;747;99;5.1;0;320;9.9;1.9;;;;
BEH;23.05.2026 00:00;11.5;18.3;5.4;;;;50.5;6.5;787.1;;1612.7;;1035.2;3.8;11.5;13.7;41.4;11.1;40;;0;0;;350;;;;36;715;95;5.2;0;322;8.5;0.5;;;;
BEH;24.05.2026 00:00;12.1;18.5;6.1;;;;47.9;6.2;789.1;;1632.5;;1037.7;3.7;10.8;13.3;38.9;10.7;38.5;;0;0;;361;;;;38;739;98;5.4;0;323;0;0;;;;
BEH;25.05.2026 00:00;12.5;18.3;7.3;;;;53.8;7.5;790.7;;1649.2;;1039.7;2.6;7.4;9.4;26.6;6.7;24.1;;0;0;;353;;;;48;733;97;5;0;270;0;0;;;;
BEH;26.05.2026 00:00;13.6;19.6;8.6;;;;59.7;9.2;789.2;;1630.1;;1037.8;2;7.3;7.2;26.3;6.7;24.1;;0;0;;313;;;;89;618;82;4.6;0;166;0;0;;;;
BEH;27.05.2026 00:00;13.2;18.1;8.8;;;;51.1;7.6;784.9;;1583.9;;1032.4;6.1;12.5;22;45;12.2;43.9;;0;0;;338;;;;103;571;76;5.5;0;329;0;0;;;;
BEH;28.05.2026 00:00;11.9;16.7;7.3;;;;50;6.6;783.4;;1571.6;;1030.6;5.7;13.9;20.5;50;13.4;48.2;;0;0;;359;;;;56;712;94;5.5;0;336;8.1;0.1;;;;
BEH;29.05.2026 00:00;11.5;16.9;5.9;;;;43.4;5.5;784.1;;1580.7;;1031.5;4.7;15;16.9;54;14.1;50.8;;0;0;;365;;;;42;746;98;5.5;0;326;8.5;0.5;;;;
BEH;30.05.2026 00:00;12.1;17.8;6.3;;;;41.6;5.6;782.7;;1563.7;;1029.7;4.1;10.6;14.8;38.2;10.2;36.7;;0;0;;304;;;;116;589;77;5.1;0;324;0;0;;;;
BEH;31.05.2026 00:00;11.2;17.3;5.9;;;;55.3;6.9;779.5;;1531.1;;1025.7;5.2;17.1;18.7;61.6;16.9;60.8;;4.1;4.1;;270;;;;113;430;56;4.7;0;332;8.8;0.8;;;;
BEH;01.06.2026 00:00;8.6;12.5;5.4;;;;64.1;7;777.3;;1513.9;;1022.9;6.1;14.7;22;52.9;14;50.4;;3.2;0;;290;;;;128;458;60;3.9;0;338;11.4;3.4;;;;
BEH;02.06.2026 00:00;5.6;8.4;2.3;;;;87.9;8;774.1;;1488.2;;1019;4.6;17.2;16.6;61.9;16.7;60.1;;38.7;41.8;;92;;;;69;69;9;1.3;0;76;14.4;6.4;;;;
BEH;03.06.2026 00:00;5;8.3;2.3;;;;67;5.8;772.5;;1472.3;;1016.9;8.8;17.7;31.7;63.7;17.1;61.6;;0.1;0.2;;324;;;;112;547;71;3.3;0;331;15;7;;;;
BEH;04.06.2026 00:00;6.5;10.2;1.2;;;;69.7;6.7;772.8;;1471.8;;1017.4;5.3;15.3;19.1;55.1;14.8;53.3;;25.7;18.8;;248;;;;171;200;26;2.8;0;137;13.5;5.5;;;;
BEH;05.06.2026 00:00;4.2;9.8;0.1;;;;80.5;6.6;773.5;;1485.5;;1018.2;6.1;14.5;22;52.2;13.4;48.2;;1.5;7.9;;312;;;;84;484;61;3;0;349;15.8;7.8;;;;
BEH;06.06.2026 00:00;5.5;8.1;4;;;;90;8.1;777.9;;1528.6;;1023.6;3.3;8.9;11.9;32;8.6;31;;0.4;0.9;;98;;;;90;29;4;1.4;0;132;14.5;6.5;;;;
BEH;07.06.2026 00:00;9.2;13.4;4.4;;;;72.9;8.4;782.2;;1565.9;;1029.1;3.9;12.1;14;43.6;11.8;42.5;;0;0;;371;;;;73;673;84;4.1;0;140;10.8;2.8;;;;
BEH;08.06.2026 00:00;9.8;14.2;5.6;;;;80.4;9.6;780.9;;1550.2;;1027.5;4.3;11.9;15.5;42.8;11.5;41.4;;3.3;3.3;;320;;;;98;546;68;3.7;0;138;10.2;2.2;;;;
BEH;09.06.2026 00:00;7.6;10.7;5.1;;;;90.9;9.5;777.1;;1514.3;;1022.6;4.3;12.6;15.5;45.4;12.3;44.3;;38.9;21;;105;;;;92;22;3;1.5;0;82;12.4;4.4;;;;
BEH;10.06.2026 00:00;2.2;6;-0.3;;;;88;6.4;774.5;;1501.6;;1019.4;8;18.2;28.8;65.5;18.1;65.2;;11.8;29.7;;110;;;;91;43;5;1.3;0;329;17.8;9.8;;;;
BEH;11.06.2026 00:00;2.7;6.7;-0.5;;;;56.5;4.1;778.2;;1540.1;;1024.1;9.1;17.2;32.8;61.9;16.8;60.5;;0;0;;383;;;;65;682;85;3.7;0;336;17.3;9.3;;;;
BEH;12.06.2026 00:00;6.5;9.6;2.1;;;;67.6;6.6;782.4;;1574.5;;1029.3;8.2;17.1;29.5;61.6;16.4;59;;0;0;;133;;;;122;5;1;2.3;0;331;13.5;5.5;;;;
BEH;13.06.2026 00:00;10.6;15.1;6.3;;;;45.3;5.5;782.8;;1568.5;;1029.8;8.7;19.3;31.3;69.5;18.8;67.7;;0;0;;376;;;;43;802;99;5.8;0;327;9.4;1.4;;;;
BEH;14.06.2026 00:00;10.2;13.5;6.6;;;;43.2;5.3;777.8;;1515.2;;1023.6;7.8;17.4;28.1;62.6;16.6;59.8;;0;0;;286;;;;159;370;46;5;0;329;9.8;1.8;;;;
BEH;15.06.2026 00:00;8.5;11.9;6;;;;45.9;5.1;776.7;;1508.2;;1022.2;8.2;16;29.5;57.6;15.5;55.8;;0;0;;266;;;;151;341;42;4.6;0;327;11.5;3.5;;;;
BEH;16.06.2026 00:00;9.6;13.6;6.4;;;;56.4;6.6;781.1;;1552.3;;1027.7;6.2;14.2;22.3;51.1;13.8;49.7;;0.2;0.2;;210;;;;147;187;23;3.9;0;335;10.4;2.4;;;;
BEH;17.06.2026 00:00;12.4;17;6.5;;;;52.8;7.5;784.1;;1578;;1031.4;5.6;12.3;20.2;44.3;11.8;42.5;;0;0;;269;;;;122;434;54;4.6;0;330;0;0;;;;
BEH;18.06.2026 00:00;14.1;19.5;9.6;;;;61.1;9.6;785.2;;1585.9;;1032.8;3.4;9.5;12.2;34.2;9.3;33.5;;0;0;;316;;;;76;565;70;5;0;129;0;0;;;;
BEH;19.06.2026 00:00;12.6;17.8;9.3;;;;74;10.7;785.3;;1590;;1032.9;3.4;14;12.2;50.4;13.4;48.2;;7.4;7.4;;198;;;;71;326;40;3.4;0;140;0;0;;;;
BEH;20.06.2026 00:00;13.7;20.1;8.8;;;;60.8;9.2;786.9;;1605.6;;1035;3.1;10.7;11.2;38.5;10.3;37.1;;2.3;2.3;;289;;;;73;503;62;4.7;0;340;0;0;;;;
BEH;21.06.2026 00:00;14.9;20.3;9.5;;;;51.3;8.4;789.3;;1628.8;;1038;3.5;10.4;12.6;37.4;9.6;34.6;;0;0;;264;;;;104;499;62;4.8;0;331;0;0;;;;
BEH;22.06.2026 00:00;14.8;20.4;10.6;;;;55.7;9.2;788.1;;1615.1;;1036.4;3.2;11.9;11.5;42.8;11.7;42.1;;0.9;0.9;;258;;;;80;436;54;4.7;0;325;0;0;;;;
BEH;23.06.2026 00:00;15.2;19.9;9.8;;;;55.4;9.3;785.2;;1583.4;;1032.9;4.2;12.7;15.1;45.7;12.4;44.6;;0;0;;284;;;;88;458;57;4.9;0;333;0;0;;;;
BEH;24.06.2026 00:00;15.2;20.2;10.2;;;;64;10.9;784.2;;1572.3;;1031.6;3.6;10.1;13;36.4;9.8;35.3;;0.1;0.1;;290;;;;90;506;62;4.7;0;126;0;0;;;;
BEH;25.06.2026 00:00;15.2;20.3;11.2;;;;82.2;14.1;784.3;;1573.4;;1031.7;3.5;10.7;12.6;38.5;10.4;37.4;;0.1;0.1;;315;;;;71;541;67;4.5;0;133;0;0;;;;
BEH;26.06.2026 00:00;15.8;20.2;12.3;;;;80.5;14.3;785.6;;1585.6;;1033.3;2.9;11.7;10.4;42.1;11.3;40.7;;0;0;;322;;;;131;546;67;4.7;0;126;0;0;;;;
BEH;27.06.2026 00:00;15.9;20.2;12.5;;;;74.6;13.4;787;;1601.3;;1035.1;3.1;13.8;11.2;49.7;13.4;48.2;;2.4;2.4;;265;;;;82;468;58;4.2;0;132;0;0;;;;
BEH;28.06.2026 00:00;14;20.9;9.2;;;;66.1;10.4;786.9;;1604;;1034.9;4.4;16.9;15.8;60.8;16.2;58.3;;13.7;13.7;;224;;;;56;393;49;4.3;0;333;0;0;;;;
BEH;29.06.2026 00:00;13;18.2;9.3;;;;70;10.3;785.8;;1594.6;;1033.5;4.1;12.1;14.8;43.6;11.5;41.4;;4;4;;146;;;;89;143;18;3.2;0;332;0;0;;;;
BEH;30.06.2026 00:00;13.3;16.7;7.6;;;;68.9;10.4;784.5;;1579.6;;1031.9;3.2;14.7;11.5;52.9;14.2;51.1;;0.1;0.1;;217;;;;110;378;47;3.3;0;131;0;0;;;;
BEH;01.07.2026 00:00;9.4;15.4;5.4;;;;76.8;9.2;780.8;;1549.4;;1027.3;7.4;18;26.6;64.8;17.4;62.6;;8.6;8.6;;94;;;;70;62;8;2.5;0;338;10.6;2.6;;;;
BEH;02.07.2026 00:00;10.2;15.4;5.6;;;;55.2;6.8;781.7;;1557.7;;1028.5;8;14.7;28.8;52.9;14.2;51.1;;0;0;;376;;;;32;800;100;5.2;0;331;9.8;1.8;;;;
BEH;03.07.2026 00:00;11.2;15.4;7.4;;;;54.8;7.1;784.2;;1582.4;;1031.6;6.5;12.1;23.4;43.6;11.8;42.5;;0;0;;338;;;;97;623;78;5;0;329;8.8;0.8;;;;
BEH;04.07.2026 00:00;11;15.4;6.1;;;;48.4;6.1;785.3;;1594.6;;1033;8.2;15.4;29.5;55.4;15;54;;0;0;;369;;;;33;797;100;5.5;0;331;9;1;;;;
BEH;05.07.2026 00:00;11.7;15.6;7.7;;;;44;6;783.6;;1574.4;;1030.8;9.4;16.7;33.8;60.1;16.4;59;;0;0;;353;;;;66;614;78;5.8;0;327;8.3;0.3;;;;
BEH;06.07.2026 00:00;11;14.4;8;;;;53.5;6.9;782.9;;1567.9;;1029.9;8.2;16.9;29.5;60.8;16.2;58.3;;0;0;;184;;;;123;190;25;4.2;0;326;9;1;;;;
BEH;07.07.2026 00:00;12.5;17;7.1;;;;41.1;5.6;782.7;;1562.6;;1029.7;6.8;13.7;24.5;49.3;13.4;48.2;;0;0;;331;;;;101;650;85;5.8;0;327;0;0;;;;
BEH;08.07.2026 00:00;13.2;16.6;10.2;;;;46;6.9;780.1;;1532.2;;1026.4;10.5;19.8;37.8;71.3;19.3;69.5;;0;0;;251;;;;135;272;35;5.6;0;323;0;0;;;;
BEH;09.07.2026 00:00;13.7;19.2;8.9;;;;49.7;7.6;779.4;;1522.9;;1025.6;7.1;14.4;25.6;51.8;13.8;49.7;;0;0;;360;;;;35;770;100;6.1;0;336;0;0;;;;
BEH;10.07.2026 00:00;13.9;18.6;10;;;;66.9;10.7;780.3;;1532.1;;1026.7;4;11.5;14.4;41.4;11.4;41;;1;1;;302;;;;73;502;66;4.6;0;136;0;0;;;;
BEH;11.07.2026 00:00;14;20.9;10.1;;;;65.1;10.1;781.5;;1545.6;;1028.2;3.5;11.7;12.6;42.1;11;39.6;;0.9;0.9;;337;;;;93;546;72;5.3;0;34;0;0;;;;
BEH;12.07.2026 00:00;14.8;20.4;9.2;;;;50.2;7.9;782.6;;1555.4;;1029.6;4.4;11.7;15.8;42.1;11;39.6;;0;0;;366;;;;35;759;100;5.9;0;333;0;0;;;;
BEH;13.07.2026 00:00;14.3;18.1;10.8;;;;79.7;12.9;783.7;;1569.2;;1031;3.4;11.6;12.2;41.8;11;39.6;;0;0;;264;;;;110;351;46;3.8;0;132;0;0;;;;
BEH;14.07.2026 00:00;13.6;18;10;;;;81.2;12.7;783;;1562.5;;1030;3.7;17.8;13.3;64.1;17.7;63.7;;8.1;7.7;;150;;;;102;119;16;2.6;0;81;0;0;;;;
BEH;15.07.2026 00:00;12.6;17.5;9.3;;;;72.1;10.4;783;;1565.7;;1030.1;2.7;21.1;9.7;76;20.4;73.4;;1.3;1.7;;179;;;;98;235;31;3.1;0;346;0;0;;;;
BEH;16.07.2026 00:00;13.9;20.1;8.2;;;;64;9.7;783.4;;1566.6;;1030.6;4.2;21;15.1;75.6;20.9;75.2;;3.8;1;;291;;;;70;491;65;4.7;0;142;0;0;;;;
BEH;17.07.2026 00:00;13.5;18.2;9;;;;70.4;10.7;780;;1530.5;;1026.4;4.2;19.3;15.1;69.5;18.8;67.7;;0.3;3.1;;330;;;;63;648;86;4.6;0;131;0;0;;;;
BEH;18.07.2026 00:00;11.9;16.6;7.9;;;;67.3;9.2;778.8;;1521.7;;1024.9;4.7;16.5;16.9;59.4;16.1;58;;1;1;;200;;;;98;327;43;3.5;0;330;8.1;0.1;;;;
BEH;19.07.2026 00:00;10.4;14.1;6.8;;;;62.8;7.7;778.9;;1526.4;;1024.9;5.5;16.2;19.8;58.3;15.7;56.5;;0;0;;290;;;;113;506;67;4.1;0;325;9.6;1.6;;;;
BEH;20.07.2026 00:00;11.7;17.6;6.5;;;;57.7;7.6;779.7;;1531.6;;1025.9;3.9;11.8;14;42.5;11;39.6;;0;0;;336;;;;53;591;79;4.9;0;344;8.3;0.3;;;;
BEH;21.07.2026 00:00;9.3;13.2;5.7;;;;68.7;8;780.1;;1542.4;;1026.5;5.2;14.6;18.7;52.6;14.1;50.8;;0.5;0.5;;137;;;;96;102;14;2.6;0;324;10.7;2.7;;;;
BEH;22.07.2026 00:00;9.8;15.8;3.5;;;;45.9;5.3;780.5;;1545.4;;1026.9;6.4;13.2;23;47.5;12.5;45;;0;0;;357;;;;40;728;98;5.3;0;332;10.2;2.2;;;;
BEH;23.07.2026 00:00;9.5;13.8;5.9;;;;49;5.6;778.5;;1524.2;;1024.4;7.7;16.1;27.7;58;15.7;56.5;;0;0;;365;;;;96;715;97;5.2;0;324;10.5;2.5;;;;
BEH;24.07.2026 00:00;10.9;17.7;5.2;;;;42.6;5.2;778.5;;1520.6;;1024.4;5.7;15.6;20.5;56.2;14.7;52.9;;0;0;;350;;;;33;740;100;5.7;0;343;9.1;1.1;;;;
BEH;25.07.2026 00:00;11.2;15.8;8.2;;;;78.4;10.3;777.2;;1505.2;;1022.8;4.8;14.4;17.3;51.8;13.8;49.7;;10.7;5.8;;295;;;;77;520;71;3.9;0;135;8.8;0.8;;;;
BEH;26.07.2026 00:00;9.3;11.1;8.1;;;;84;9.8;775.2;;1489;;1020.3;4.3;12.1;15.5;43.6;11.8;42.5;;1.7;6.6;;75;;;;69;6;1;1.6;0;354;10.7;2.7;;;;
BEH;27.07.2026 00:00;12.1;16.8;9;;;;57.2;7.9;779.6;;1529.7;;1025.8;6.6;13.6;23.8;49;13.5;48.6;;0;0;;339;;;;58;647;88;5.2;0;332;0;0;;;;
BEH;28.07.2026 00:00;13.9;19;8;;;;66.4;10.4;784.9;;1583.3;;1032.5;3.7;9.5;13.3;34.2;9;32.4;;0;0;;336;;;;31;734;100;4.7;0;135;0;0;;;;
BEH;29.07.2026 00:00;15;19.2;10.9;;;;78.9;13.2;785.9;;1590.6;;1033.6;3.2;9.9;11.5;35.6;9.6;34.6;;0.9;0.9;;271;;;;62;485;66;3.9;0;139;0;0;;;;
BEH;30.07.2026 00:00;16.5;21.9;10.8;;;;54.3;9.6;785.9;;1587.2;;1033.7;3.5;20.5;12.6;73.8;19.5;70.2;;0;0;;322;;;;44;644;88;5.4;0;143;0;0;;;;
BEH;31.07.2026 00:00;16.1;21.7;12.2;;;;54.8;9.8;784.1;;1568.2;;1031.4;3.4;16;12.2;57.6;15.1;54.4;;8.5;8.5;;251;;;;68;498;68;4.7;0;141;0;0;;;;
BEH;01.08.2026 00:00;14.6;19.4;10.4;;;;69.1;11.3;781.4;;1542.6;;1028;3.8;16.4;13.7;59;16.2;58.3;;8.1;8.1;;251;;;;75;457;63;4;0;139;0;0;;;;
BEH;02.08.2026 00:00;13.3;16.9;10.2;;;;75.9;11.5;781.9;;1551.8;;1028.7;3.9;11.8;14;42.5;11.1;40;;1.8;1.8;;163;;;;74;340;47;2.8;0;125;0;0;;;;
BEH;03.08.2026 00:00;15.3;18.7;11.9;;;;67.7;11.6;783;;1559;;1030.1;5;13.6;18;49;13.1;47.2;;0;0;;279;;;;88;554;76;4.4;0;137;0;0;;;;
BEH;04.08.2026 00:00;16.2;20.4;12.2;;;;58.7;10.6;783.3;;1559.8;;1030.5;4.2;18.3;15.1;65.9;16.7;60.1;;0;0;;302;;;;69;658;90;5;0;144;0;0;;;;
BEH;05.08.2026 00:00;16.7;20.7;12.2;;;;54.2;10.1;783.4;;1559.1;;1030.5;3.5;11.1;12.6;40;10.8;38.9;;0;0;;280;;;;66;622;85;4.8;0;145;0;0;;;;
BEH;06.08.2026 00:00;15.1;19.1;11.7;;;;65.2;11;783;;1559.2;;1030.1;3.8;12;13.7;43.2;11.9;42.8;;0.5;0.5;;192;;;;97;319;44;3.6;0;27;0;0;;;;
BEH;07.08.2026 00:00;11.4;15.2;9;;;;83.9;11.2;782.6;;1563.6;;1029.5;4.2;13.6;15.1;49;13.2;47.5;;3.1;3.1;;124;;;;79;127;17;2.2;0;333;8.6;0.6;;;;
BEH;08.08.2026 00:00;13.6;18;8.9;;;;70.4;10.9;783;;1562.3;;1030;3.7;10.2;13.3;36.7;9.7;34.9;;0;0;;290;;;;53;590;81;4;0;134;0;0;;;;
BEH;09.08.2026 00:00;14.1;19.3;10.5;;;;74;11.6;783.6;;1568.6;;1030.9;3.4;13.2;12.2;47.5;13;46.8;;2.9;2.9;;248;;;;70;416;57;3.9;0;141;0;0;;;;
BEH;10.08.2026 00:00;14.7;20.4;10.1;;;;58.3;9.4;783.4;;1564.4;;1030.6;3.1;10.6;11.2;38.2;10.3;37.1;;0;0;;244;;;;77;506;70;4.2;0;342;0;0;;;;
BEH;11.08.2026 00:00;15.5;21.7;9.6;;;;53.5;8.8;784.7;;1576.2;;1032.2;3.1;9.1;11.2;32.8;9;32.4;;0;0;;306;;;;67;641;89;5;0;321;0;0;;;;
BEH;12.08.2026 00:00;14.8;19.6;11.2;;;;64.1;10.7;786.9;;1602.1;;1034.9;2.6;10.5;9.4;37.8;10.3;37.1;;0;0;;206;;;;63;407;57;3.6;0;121;0;0;;;;
BEH;13.08.2026 00:00;16.5;22.6;11.2;;;;53.1;9.5;786.8;;1597.7;;1034.9;2.9;10.3;10.4;37.1;9.8;35.3;;0;0;;320;;;;51;710;99;5.2;0;330;0;0;;;;
BEH;14.08.2026 00:00;16.1;22.4;10.6;;;;47.1;8.3;784.3;;1571.1;;1031.7;3.7;10.8;13.3;38.9;10.6;38.2;;0;0;;317;;;;44;693;97;5.5;0;90;0;0;;;;
BEH;15.08.2026 00:00;14.8;20.1;9.4;;;;52.7;8.7;782.3;;1551.9;;1029.2;3.6;14.6;13;52.6;14;50.4;;0;0;;253;;;;57;492;70;4.4;0;145;0;0;;;;
BEH;16.08.2026 00:00;12.4;18.1;9.5;;;;70.8;10;781.4;;1548.8;;1028.1;3;10.9;10.8;39.2;10.7;38.5;;9.4;9.4;;166;;;;80;297;42;3.1;0;337;0;0;;;;
BEH;17.08.2026 00:00;11.1;15.1;8.6;;;;69.1;9;778.3;;1518.6;;1024.2;8.1;17.2;29.2;61.9;16.2;58.3;;0.5;0.5;;164;;;;97;236;34;3.3;0;328;8.9;0.9;;;;
BEH;18.08.2026 00:00;11.8;15.5;9;;;;61.1;8.4;778.1;;1514.1;;1024;6.8;14.6;24.5;52.6;14;50.4;;0;0;;160;;;;95;164;24;3.5;0;334;8.2;0.2;;;;
BEH;19.08.2026 00:00;13.8;17.7;9.6;;;;67.1;10.4;778;;1507.8;;1023.9;5.6;15.1;20.2;54.4;14.7;52.9;;4.3;1.3;;307;;;;40;694;100;4.3;0;153;0;0;;;;
BEH;20.08.2026 00:00;9.1;11.4;6.6;;;;91.1;10.6;777.7;;1517.1;;1023.5;3.2;12.5;11.5;45;11.9;42.8;;68;71;;55;;;;;0;0;1;0;85;10.9;2.9;;;;
BEH;21.08.2026 00:00;7.2;9.7;5.4;;;;84.3;8.5;774.3;;1485.3;;1019.2;5.3;14;19.1;50.4;13;46.8;;32.4;32.4;;51;;;;;0;0;1.3;0;22;12.8;4.8;;;;
BEH;22.08.2026 00:00;7.7;13.3;2.7;;;;67.3;6.8;778;;1523.8;;1023.8;3.8;12.3;13.7;44.3;11.8;42.5;;0;0;;185;;;;;600;87;2.8;0;330;12.3;4.3;;;;
BEH;23.08.2026 00:00;9;12.7;4.5;;;;79.9;9.2;781.4;;1557.6;;1028.1;3.3;9.4;11.9;33.8;9.3;33.5;;0;0;;288;;;;;580;85;3;0;133;11;3;;;;
BEH;24.08.2026 00:00;10.9;14.6;6.6;;;;80;10.3;780.5;;1543.1;;1027;4.5;12.9;16.2;46.4;12.6;45.4;;28.5;8.7;;258;;;;;500;73;3;0;142;9.1;1.1;;;;
BEH;25.08.2026 00:00;10.5;13.9;7.3;;;;73.2;9.1;776.5;;1499.7;;1021.9;5.1;12.8;18.4;46.1;12.5;45;;5;24.8;;182;;;;;200;30;2.8;0;344;9.5;1.5;;;;
BEH;26.08.2026 00:00;11.8;15.2;8.3;;;;78;10.8;781.4;;1550.4;;1028.1;4;12.2;14.4;43.9;11.3;40.7;;0;0;;251;;;;;480;71;3.1;0;135;8.2;0.2;;;;
BEH;27.08.2026 00:00;12.9;17.1;8.8;;;;82.2;12.2;782.7;;1561.9;;1029.7;6.3;16.6;22.7;59.8;16.2;58.3;;1.1;0;;211;;;;;395;59;2.8;0;141;0;0;;;;
BEH;28.08.2026 00:00;12.8;15.3;8;;;;72.5;10.7;780.6;;1539;;1027.1;8.3;32.2;29.9;115.9;31.8;114.5;;14.1;15.2;;43;;;;37;8;1;1.9;0;144;0;0;;;;
BEH;29.08.2026 00:00;10.2;14.3;6.3;;;;82.2;10.1;779;;1527.8;;1025;4.7;11.1;16.9;40;10.6;38.2;;0;0;;227;;;;54;549;82;2.7;0;124;9.8;1.8;;;;
BEH;30.08.2026 00:00;11.5;15.8;7.2;;;;79.8;10.7;780.3;;1539;;1026.7;3.6;10;13;36;9.5;34.2;;0;0;;264;;;;46;619;93;3.1;0;131;8.5;0.5;;;;
BEH;31.08.2026 00:00;11.5;15.5;8.3;;;;72.8;9.8;780.4;;1539.6;;1026.8;4.1;12.4;14.8;44.6;11.9;42.8;;0;0;;226;;;;53;478;72;3.1;0;113;8.5;0.5;;;;
BEH;01.09.2026 00:00;9.8;13.4;5.7;;;;78.8;9.5;782.1;;1562.9;;1029;4.1;11.4;14.8;41;10.7;38.5;;0;0;;181;;;;44;412;62;2.3;0;135;10.2;2.2;;;;
BEH;02.09.2026 00:00;10.9;15.1;7;;;;64;8.1;782.9;;1568.6;;1029.9;3.2;8.6;11.5;31;8.3;29.9;;0;0;;223;;;;64;478;73;3.1;0;343;9.1;1.1;;;;
BEH;03.09.2026 00:00;12.3;17.2;6.8;;;;47.7;6.5;784.3;;1580.3;;1031.7;6.3;14.3;22.7;51.5;14.1;50.8;;;0;;266;;;;32;627;96;4.6;;327;0;;;;;
